Year,Unemployment_Rate,GDP_Growth,Inflation_Rate,Population,Population_Growth_Rate
1994,0.059,0.033,0.2487,16993190,0.024
1995,0.0648,0.0411,0.5946,17399017,0.0236
1996,0.0708,0.046,0.4656,17810181,0.0234
1997,0.0764,0.042,0.2789,18238958,0.0238
1998,0.082,0.047,0.1462,18688036,0.0243
1999,0.101,0.044,0.0487,19149864,0.0244
2000,0.1046,0.037,0.4024,19637087,0.0251
2001,0.096,0.04,0.4151,20167069,0.0266
2002,0.087,0.045,0.0936,20729388,0.0275
2003,0.0772,0.052,0.2977,21296705,0.027
2004,0.0676,0.056,0.1804,21868298,0.0265
2005,0.0582,0.059,0.1544,22449438,0.0262
2006,0.049,0.064,0.1168,23040702,0.026
2007,0.0509,0.0435,0.1073,23642279,0.0258
2008,0.0514,0.0915,0.1649,24249946,0.0254
2009,0.0535,0.0484,0.1925,24862664,0.025
2010,0.0538,0.079,0.1073,25474995,0.0243
2011,0.0423,0.1405,0.0873,26095088,0.024
2012,0.0314,0.0929,0.1119,26734268,0.0242
2013,0.0217,0.0731,0.1167,27386193,0.0241
2014,0.0442,0.0286,0.1549,28041592,0.0236
2015,0.0681,0.0212,0.1715,28696068,0.0231
2016,0.0523,0.0337,0.1745,29356742,0.0228
2017,0.0337,0.0813,0.1237,30008354,0.022
2018,0.0325,0.062,0.0781,30637585,0.0208
2019,0.0316,0.0651,0.0714,31258945,0.0201
2020,0.0331,0.0051,0.0989,31887809,0.0199
2021,0.0338,0.0508,0.0997,32518665,0.0196
2022,0.0308,0.0382,0.3126,33149152,0.0192
2023,0.0306,0.0294,0.3811,33787914,0.0191
2024,0.0301,0.057,0.2285,34777522,0.019
